customer_id,customer_name
C_1,Brittany Smith
C_2,Lauren Cooley
C_3,Amanda Jones
C_4,Lauren Allen
C_5,Theresa Jordan MD
C_6,Joseph Mcgee
C_7,Mathew Brewer
C_8,Danielle Johnson
C_9,Paula Wright
C_10,Paul Hudson
C_11,Kathy Conley
C_12,Gabrielle Woods
C_13,James Johnson
C_14,Daniel Estes
C_15,Todd Stewart
C_16,Joseph Rivera
C_17,Lindsay Sanders
C_18,Amber Walker
C_19,Jerry Murphy
C_20,Christina Perez
C_21,Michele Brown
C_22,Megan Ray
C_23,Ray Horn
C_24,Allison English
C_25,Christina Williams
C_26,Michael Jackson
C_27,Jonathan Richardson
C_28,Mary Miller
C_29,Helen Nelson
C_30,Roy Wilkerson
C_31,Leslie Stanley
C_32,Rachel Larson
C_33,Wayne Norman
C_34,Nicole Krueger
C_35,Robert Dodson
C_36,Harry Fischer
C_37,Deborah Patel
C_38,Russell Smith
C_39,Andrea Moreno
C_40,Belinda Carrillo
C_41,Alexandra Martin
C_42,Marc Cook
C_43,Kathy Peterson
C_44,Lisa Hernandez
C_45,Paul Dillon
C_46,Samantha Long
C_47,James Tucker
C_48,Amanda Cantu
C_49,Christopher Lambert
C_50,Kevin Ferguson
C_51,Jessica Benton
C_52,Maria Gomez
C_53,Michael Fuller
C_54,John Nelson
C_55,Katie Brown
C_56,Bradley Wu
C_57,Christina Bennett
C_58,Terry Mills
C_59,Kathleen Malone
C_60,Vanessa Love
C_61,Tamara Dawson
C_62,Justin Gray
C_63,Corey Yu
C_64,Edward Garcia
C_65,Katie Jackson MD
C_66,Judith Hubbard
C_67,Megan Macias
C_68,Alexis Arnold
C_69,Carmen Foster
C_70,Stephanie French
C_71,Cynthia Shah
C_72,Tyler Novak
C_73,Amanda Spence
C_74,Mrs. Ann Walker DVM
C_75,Amy Stokes
C_76,Tom Holmes
C_77,Charles Harris
C_78,Jamie Jones
C_79,Sierra Reid
C_80,Connie Smith
C_81,Kristen Allen
C_82,Laura Wong
C_83,Kent Shepherd
C_84,James Madden
C_85,Cheryl Collins
C_86,Miguel Sanchez
C_87,James Lyons
C_88,Angelica Garza
C_89,Shannon Perry
C_90,Eric Long
C_91,Shane Fuentes MD
C_92,Traci Peterson
C_93,Michelle Adkins
C_94,Misty Davis
C_95,Alice Brewer
C_96,Kevin Fernandez
C_97,Connie Gill
C_98,Jennifer Cruz DDS
C_99,Elizabeth Allen
C_100,Andrew Walker
